{
  "markets": [
    {
      "marketId": "houston",
      "baseline2000": {
        "n": 12,
        "commercial": 27.916666666666668,
        "leaderShare": 0.15121627333333335,
        "top5ShareMass": 0.5672044666666666,
        "formatFamilies": 15.583333333333334,
        "spanishLaneShare": 0,
        "removedCumulative": 4.666666666666667,
        "replenishedCumulative": 0,
        "netShrink": 4.666666666666667,
        "countShareOver15pct": 0.6666666666666666,
        "nicheSurvival": 8.833333333333334
      },
      "phase1_2000": {
        "n": 12,
        "commercial": 29.416666666666668,
        "leaderShare": 0.14025140666666666,
        "top5ShareMass": 0.5612002541666666,
        "formatFamilies": 17.166666666666668,
        "spanishLaneShare": 0,
        "removedCumulative": 4.166666666666667,
        "replenishedCumulative": 0.5833333333333334,
        "netShrink": 3.5833333333333335,
        "countShareOver15pct": 0.16666666666666666,
        "nicheSurvival": 5.666666666666667
      },
      "baseline2026": {
        "n": 12,
        "commercial": 25.083333333333332,
        "leaderShare": 0.11424142333333331,
        "top5ShareMass": 0.49573687083333334,
        "formatFamilies": 12.833333333333334,
        "spanishLaneShare": 0,
        "removedCumulative": 7.916666666666667,
        "replenishedCumulative": 0,
        "netShrink": 7.916666666666667,
        "countShareOver15pct": 0.08333333333333333,
        "nicheSurvival": 7
      },
      "phase1_2026": {
        "n": 12,
        "commercial": 29.75,
        "leaderShare": 0.10926553333333335,
        "top5ShareMass": 0.4580630433333333,
        "formatFamilies": 17.25,
        "spanishLaneShare": 0,
        "removedCumulative": 11.416666666666666,
        "replenishedCumulative": 7.833333333333333,
        "netShrink": 3.5833333333333335,
        "countShareOver15pct": 0,
        "nicheSurvival": 7.833333333333333
      },
      "replenishFamilies": {
        "totals": {
          "brokered": 19,
          "religious": 17,
          "conservative_talk": 14,
          "other": 26,
          "news_talk": 18
        },
        "totalLaunches": 94,
        "pct": {
          "brokered": 0.20212765957446807,
          "religious": 0.18085106382978725,
          "conservative_talk": 0.14893617021276595,
          "other": 0.2765957446808511,
          "news_talk": 0.19148936170212766
        }
      },
      "lfpCap": 32
    },
    {
      "marketId": "phoenix",
      "baseline2000": {
        "n": 12,
        "commercial": 28.25,
        "leaderShare": 0.1532743008333333,
        "top5ShareMass": 0.5136037025,
        "formatFamilies": 14.666666666666666,
        "spanishLaneShare": 0,
        "removedCumulative": 3.4166666666666665,
        "replenishedCumulative": 0,
        "netShrink": 3.4166666666666665,
        "countShareOver15pct": 0.75,
        "nicheSurvival": 7.333333333333333
      },
      "phase1_2000": {
        "n": 12,
        "commercial": 28.666666666666668,
        "leaderShare": 0.15165811916666666,
        "top5ShareMass": 0.5051904975,
        "formatFamilies": 15.5,
        "spanishLaneShare": 0,
        "removedCumulative": 4.333333333333333,
        "replenishedCumulative": 0.8333333333333334,
        "netShrink": 3.5,
        "countShareOver15pct": 0.75,
        "nicheSurvival": 7.166666666666667
      },
      "baseline2026": {
        "n": 12,
        "commercial": 26.75,
        "leaderShare": 0.12759945583333332,
        "top5ShareMass": 0.48488454333333336,
        "formatFamilies": 14.166666666666666,
        "spanishLaneShare": 0,
        "removedCumulative": 7.75,
        "replenishedCumulative": 0,
        "netShrink": 7.75,
        "countShareOver15pct": 0.16666666666666666,
        "nicheSurvival": 7
      },
      "phase1_2026": {
        "n": 12,
        "commercial": 30.583333333333332,
        "leaderShare": 0.1042599475,
        "top5ShareMass": 0.4585775083333334,
        "formatFamilies": 15.333333333333334,
        "spanishLaneShare": 0,
        "removedCumulative": 13.333333333333334,
        "replenishedCumulative": 8,
        "netShrink": 5.333333333333333,
        "countShareOver15pct": 0,
        "nicheSurvival": 8.666666666666666
      },
      "replenishFamilies": {
        "totals": {
          "other": 33,
          "religious": 13,
          "brokered": 21,
          "conservative_talk": 19,
          "news_talk": 12
        },
        "totalLaunches": 98,
        "pct": {
          "other": 0.336734693877551,
          "religious": 0.1326530612244898,
          "brokered": 0.21428571428571427,
          "conservative_talk": 0.19387755102040816,
          "news_talk": 0.12244897959183673
        }
      },
      "lfpCap": 32
    },
    {
      "marketId": "dallas",
      "baseline2000": {
        "n": 12,
        "commercial": 29.25,
        "leaderShare": 0.1433079025,
        "top5ShareMass": 0.5704680583333334,
        "formatFamilies": 16,
        "spanishLaneShare": 0,
        "removedCumulative": 3.75,
        "replenishedCumulative": 0,
        "netShrink": 3.75,
        "countShareOver15pct": 0.3333333333333333,
        "nicheSurvival": 8.833333333333334
      },
      "phase1_2000": {
        "n": 12,
        "commercial": 30.25,
        "leaderShare": 0.14556832583333335,
        "top5ShareMass": 0.5728803366666666,
        "formatFamilies": 16.666666666666668,
        "spanishLaneShare": 0,
        "removedCumulative": 3.9166666666666665,
        "replenishedCumulative": 1,
        "netShrink": 2.9166666666666665,
        "countShareOver15pct": 0.5833333333333334,
        "nicheSurvival": 6.833333333333333
      },
      "baseline2026": {
        "n": 12,
        "commercial": 27.25,
        "leaderShare": 0.1413382,
        "top5ShareMass": 0.5292598791666666,
        "formatFamilies": 14.5,
        "spanishLaneShare": 0,
        "removedCumulative": 8.083333333333334,
        "replenishedCumulative": 0,
        "netShrink": 8.083333333333334,
        "countShareOver15pct": 0.3333333333333333,
        "nicheSurvival": 8.5
      },
      "phase1_2026": {
        "n": 12,
        "commercial": 31.666666666666668,
        "leaderShare": 0.1070887625,
        "top5ShareMass": 0.47228400666666664,
        "formatFamilies": 17.583333333333332,
        "spanishLaneShare": 0,
        "removedCumulative": 11.75,
        "replenishedCumulative": 8.083333333333334,
        "netShrink": 3.6666666666666665,
        "countShareOver15pct": 0,
        "nicheSurvival": 10.333333333333334
      },
      "replenishFamilies": {
        "totals": {
          "conservative_talk": 14,
          "other": 32,
          "religious": 18,
          "brokered": 22,
          "news_talk": 13
        },
        "totalLaunches": 99,
        "pct": {
          "conservative_talk": 0.1414141414141414,
          "other": 0.32323232323232326,
          "religious": 0.18181818181818182,
          "brokered": 0.2222222222222222,
          "news_talk": 0.13131313131313133
        }
      },
      "lfpCap": 33
    },
    {
      "marketId": "atlanta",
      "baseline2000": {
        "n": 12,
        "commercial": 28,
        "leaderShare": 0.14029760583333334,
        "top5ShareMass": 0.54067311,
        "formatFamilies": 17.166666666666668,
        "spanishLaneShare": 0,
        "removedCumulative": 3,
        "replenishedCumulative": 0,
        "netShrink": 3,
        "countShareOver15pct": 0.25,
        "nicheSurvival": 8.75
      },
      "phase1_2000": {
        "n": 12,
        "commercial": 29.416666666666668,
        "leaderShare": 0.14141444333333333,
        "top5ShareMass": 0.5469955125,
        "formatFamilies": 17.25,
        "spanishLaneShare": 0,
        "removedCumulative": 2.75,
        "replenishedCumulative": 1,
        "netShrink": 1.75,
        "countShareOver15pct": 0.4166666666666667,
        "nicheSurvival": 5.416666666666667
      },
      "baseline2026": {
        "n": 12,
        "commercial": 28.166666666666668,